{
    "rooms": [
        {
            "walls": [
                {
                    "coords": {
                        "X": -227.767578125,
                        "Y": -343.33917236328125
                    },
                    "h": 0,
                    "l": 349,
                    "w": 9
                }
            ]
        },
        {
            "walls": [
                {
                    "coords": {
                        "X": -241.767578125,
                        "Y": -337.33917236328125
                    },
                    "h": 90,
                    "l": 288,
                    "w": 8
                }
            ]
        },
        {
            "walls": [
                {
                    "coords": {
                        "X": -232.767578125,
                        "Y": -60.3953857421875
                    },
                    "h": 0,
                    "l": 360,
                    "w": 8
                }
            ]
        },
        {
            "walls": [
                {
                    "coords": {
                        "X": -218.63653564453125,
                        "Y": -240.02264404296875
                    },
                    "h": 0,
                    "l": 338,
                    "w": 21
                }
            ]
        }
    ],
    "spawnPoint": {
        "X": -169.0,
        "Y": -61.0
    }
}
